2022-10-12 02:30:00,Рейнджерс,3,1,Тампа-Бэй,1
2022-10-12 05:00:00,Лос-Анджелес,3,4,Вегас,3
2022-10-13 02:00:00,Каролина,4,1,Коламбус,1
2022-10-13 02:00:00,Монреаль,4,3,Торонто,1
2022-10-13 02:00:00,Вашингтон,2,5,Бостон,3
2022-10-13 04:30:00,Колорадо,5,2,Чикаго,1
2022-10-13 05:00:00,Эдмонтон,5,3,Ванкувер,1
2022-10-13 05:00:00,Анахайм,5,4,Сиэтл,1
2022-10-14 02:00:00,Филадельфия,5,2,Нью-Джерси,1
2022-10-14 02:00:00,Баффало,4,1,Оттава,1
2022-10-14 02:00:00,Питтсбург,6,2,Аризона,1
2022-10-14 02:30:00,Айлендерс,1,3,Флорида,3
2022-10-14 02:30:00,Торонто,3,2,Вашингтон,1
2022-10-14 03:00:00,Миннесота,3,7,Рейнджерс,3
2022-10-14 03:30:00,Нэшвилл,1,4,Даллас,3
2022-10-14 04:30:00,Калгари,5,3,Колорадо,1
2022-10-14 05:00:00,Вегас,1,0,Чикаго,1
2022-10-14 05:30:00,Лос-Анджелес,1,4,Сиэтл,3
2022-10-15 02:00:00,Детройт,3,0,Монреаль,1
2022-10-15 02:00:00,Коламбус,2,5,Тампа-Бэй,3
2022-10-15 03:00:00,Виннипег,4,1,Рейнджерс,1
2022-10-15 05:30:00,Сан-Хосе,1,2,Каролина,3
2022-10-15 20:00:00,Баффало,3,4,Флорида,3
2022-10-15 23:00:00,Филадельфия,3,2,Ванкувер,1
2022-10-16 02:00:00,Бостон,6,3,Аризона,1
2022-10-16 02:00:00,Питтсбург,6,2,Тампа-Бэй,1
2022-10-16 02:00:00,Вашингтон,3,1,Монреаль,1
2022-10-16 02:00:00,Торонто,3,2,Оттава,1
2022-10-16 02:00:00,Нью-Джерси,2,5,Детройт,3
2022-10-16 02:30:00,Айлендерс,7,1,Анахайм,1
2022-10-16 03:00:00,Даллас,5,1,Нэшвилл,1
2022-10-16 03:00:00,Сент-Луис,5,2,Коламбус,1
2022-10-16 03:00:00,Миннесота,6,7,Лос-Анджелес,3
2022-10-16 05:00:00,Сан-Хосе,2,5,Чикаго,3
2022-10-16 05:00:00,Сиэтл,2,5,Вегас,3
2022-10-16 05:00:00,Эдмонтон,3,4,Калгари,3
2022-10-18 02:00:00,Рейнджерс,6,4,Анахайм,1
2022-10-18 02:00:00,Детройт,4,5,Лос-Анджелес,1
2022-10-18 02:00:00,Бостон,5,3,Флорида,1
2022-10-18 02:00:00,Монреаль,3,2,Питтсбург,1
2022-10-18 02:00:00,Вашингтон,6,4,Ванкувер,1
2022-10-18 02:00:00,Торонто,2,4,Аризона,3
2022-10-18 03:00:00,Миннесота,3,6,Колорадо,3
2022-10-18 03:30:00,Даллас,4,1,Виннипег,1
2022-10-18 05:00:00,Сиэтл,1,5,Каролина,3
2022-10-19 02:00:00,Нью-Джерси,4,2,Анахайм,1
2022-10-19 02:00:00,Тампа-Бэй,2,3,Филадельфия,3
2022-10-19 02:00:00,Оттава,7,5,Бостон,1
2022-10-19 02:00:00,Коламбус,4,3,Ванкувер,1
2022-10-19 02:30:00,Айлендерс,5,2,Сан-Хосе,1
2022-10-19 04:00:00,Калгари,3,2,Вегас,1
2022-10-19 04:00:00,Эдмонтон,2,4,Баффало,3
2022-10-19 04:30:00,Нэшвилл,3,4,Лос-Анджелес,3
2022-10-20 02:30:00,Флорида,4,3,Филадельфия,1
2022-10-20 03:00:00,Колорадо,3,4,Виннипег,1
2022-10-20 05:00:00,Сиэтл,3,4,Сент-Луис,1
2022-10-21 02:00:00,Монреаль,6,2,Аризона,1
2022-10-21 02:00:00,Коламбус,5,3,Нэшвилл,1
2022-10-21 02:00:00,Рейнджерс,2,3,Сан-Хосе,1
2022-10-21 02:00:00,Бостон,2,1,Анахайм,1
2022-10-21 02:00:00,Оттава,5,2,Вашингтон,1
2022-10-21 02:00:00,Торонто,3,2,Даллас,1
2022-10-21 02:00:00,Питтсбург,6,1,Лос-Анджелес,1
2022-10-21 02:30:00,Айлендерс,1,4,Нью-Джерси,3
2022-10-21 03:00:00,Миннесота,4,3,Ванкувер,1
2022-10-21 04:00:00,Эдмонтон,6,4,Каролина,1
2022-10-21 04:30:00,Калгари,3,6,Баффало,3
2022-10-21 05:00:00,Вегас,5,2,Виннипег,1
2022-10-22 02:30:00,Флорида,2,3,Тампа-Бэй,1
2022-10-22 03:30:00,Чикаго,4,3,Детройт,1
2022-10-22 04:00:00,Колорадо,2,3,Сиэтл,3
2022-10-22 20:00:00,Бостон,4,3,Миннесота,1
2022-10-22 20:00:00,Нью-Джерси,2,1,Сан-Хосе,1
2022-10-22 23:00:00,Оттава,6,2,Аризона,1
2022-10-22 23:00:00,Эдмонтон,0,2,Сент-Луис,3
2022-10-23 02:00:00,Тампа-Бэй,5,3,Айлендерс,1
2022-10-23 02:00:00,Вашингтон,4,3,Лос-Анджелес,1
2022-10-23 02:00:00,Коламбус,3,6,Питтсбург,3
2022-10-23 02:00:00,Виннипег,1,4,Торонто,3
2022-10-23 02:00:00,Монреаль,2,5,Даллас,3
2022-10-23 03:00:00,Нэшвилл,1,3,Филадельфия,3
2022-10-23 05:00:00,Ванкувер,1,5,Баффало,3
2022-10-23 05:00:00,Вегас,2,3,Колорадо,3
2022-10-23 05:00:00,Калгари,3,2,Каролина,1
2022-10-23 21:00:00,Чикаго,5,4,Сиэтл,1
2022-10-24 00:00:00,Флорида,3,2,Айлендерс,1
2022-10-24 00:00:00,Детройт,5,1,Анахайм,1
2022-10-24 00:00:00,Рейнджерс,1,5,Коламбус,3
2022-10-24 02:00:00,Филадельфия,0,3,Сан-Хосе,3
2022-10-25 02:00:00,Нью-Джерси,3,6,Вашингтон,3
2022-10-25 02:00:00,Оттава,4,2,Даллас,1
2022-10-25 03:00:00,Виннипег,4,0,Сент-Луис,1
2022-10-25 03:00:00,Эдмонтон,6,3,Питтсбург,1
2022-10-25 05:00:00,Вегас,3,1,Торонто,1
2022-10-25 05:30:00,Ванкувер,2,3,Каролина,3
2022-10-26 02:00:00,Монреаль,1,3,Миннесота,3
2022-10-26 02:00:00,Бостон,3,1,Даллас,1
2022-10-26 02:00:00,Детройт,2,6,Нью-Джерси,3
2022-10-26 02:00:00,Коламбус,3,6,Аризона,3
2022-10-26 03:00:00,Рейнджерс,2,3,Колорадо,3
2022-10-26 03:30:00,Чикаго,4,2,Флорида,1
2022-10-26 04:00:00,Калгари,4,1,Питтсбург,1
2022-10-26 05:00:00,Сиэтл,5,1,Баффало,1
2022-10-26 05:30:00,Лос-Анджелес,4,2,Тампа-Бэй,1
2022-10-26 05:30:00,Сан-Хосе,2,4,Вегас,3
2022-10-27 02:30:00,Айлендерс,3,0,Рейнджерс,1
2022-10-27 03:00:00,Сент-Луис,1,3,Эдмонтон,3
2022-10-27 05:00:00,Анахайм,2,4,Тампа-Бэй,3
2022-10-28 02:00:00,Филадельфия,4,3,Флорида,1
2022-10-28 02:00:00,Оттава,2,4,Миннесота,3
2022-10-28 02:00:00,Бостон,5,1,Детройт,1
2022-10-28 02:00:00,Баффало,2,3,Монреаль,3
2022-10-28 03:00:00,Нэшвилл,6,2,Сент-Луис,1
2022-10-28 03:30:00,Даллас,2,0,Вашингтон,1
2022-10-28 03:30:00,Чикаго,5,6,Эдмонтон,3
2022-10-28 05:00:00,Сиэтл,4,5,Ванкувер,3
2022-10-28 05:30:00,Лос-Анджелес,4,6,Виннипег,3
2022-10-28 05:30:00,Сан-Хосе,4,3,Торонто,1
2022-10-29 01:00:00,Вегас,4,0,Анахайм,1
2022-10-29 02:00:00,Коламбус,0,4,Бостон,3
2022-10-29 02:00:00,Каролина,2,6,Айлендерс,3
2022-10-29 02:00:00,Нью-Джерси,1,0,Колорадо,1
2022-10-29 05:00:00,Ванкувер,5,1,Питтсбург,1
2022-10-29 05:30:00,Аризона,2,3,Виннипег,1
2022-10-29 21:00:00,Даллас,3,6,Рейнджерс,3
2022-10-29 23:00:00,Флорида,5,3,Оттава,1
2022-10-29 23:30:00,Сан-Хосе,3,4,Тампа-Бэй,3
2022-10-30 02:00:00,Детройт,2,1,Миннесота,1
2022-10-30 02:00:00,Лос-Анджелес,4,2,Торонто,1
2022-10-30 02:00:00,Сент-Луис,4,7,Монреаль,3
2022-10-30 02:00:00,Филадельфия,3,4,Каролина,1
2022-10-30 02:00:00,Баффало,4,3,Чикаго,1
2022-10-30 02:30:00,Айлендерс,5,4,Колорадо,1
2022-10-30 04:00:00,Нэшвилл,0,3,Вашингтон,3
2022-10-30 05:00:00,Сиэтл,3,1,Питтсбург,1
2022-10-30 05:00:00,Калгари,2,3,Эдмонтон,3
2022-10-30 21:00:00,Нью-Джерси,7,1,Коламбус,1
2022-10-31 02:00:00,Чикаго,3,4,Миннесота,3
2022-10-31 03:00:00,Вегас,2,1,Виннипег,1
2022-10-31 03:00:00,Анахайм,4,3,Торонто,1
2022-10-31 03:00:00,Аризона,2,3,Рейнджерс,3
2022-11-01 02:00:00,Каролина,3,2,Вашингтон,1
2022-11-01 02:00:00,Баффало,8,3,Детройт,1
2022-11-01 03:00:00,Сент-Луис,1,5,Лос-Анджелес,3
2022-11-02 02:00:00,Тампа-Бэй,4,3,Оттава,1
2022-11-02 02:00:00,Вашингтон,2,3,Вегас,1
2022-11-02 02:00:00,Рейнджерс,1,0,Филадельфия,1
2022-11-02 03:00:00,Миннесота,4,1,Монреаль,1
2022-11-02 03:00:00,Питтсбург,5,6,Бостон,1
2022-11-02 03:30:00,Даллас,5,2,Лос-Анджелес,1
2022-11-02 03:30:00,Чикаго,1,3,Айлендерс,3
2022-11-02 04:00:00,Эдмонтон,7,4,Нэшвилл,1
2022-11-02 04:00:00,Калгари,4,5,Сиэтл,3
2022-11-02 05:00:00,Ванкувер,2,5,Нью-Джерси,3
2022-11-02 05:00:00,Аризона,3,1,Флорида,1
2022-11-02 05:30:00,Сан-Хосе,5,6,Анахайм,3
2022-11-03 02:00:00,Торонто,5,2,Филадельфия,1
2022-11-03 02:30:00,Баффало,6,3,Питтсбург,1
2022-11-04 02:00:00,Детройт,3,1,Вашингтон,1
2022-11-04 02:00:00,Оттава,4,5,Вегас,3
2022-11-04 02:00:00,Тампа-Бэй,3,4,Каролина,3
2022-11-04 02:30:00,Рейнджерс,2,5,Бостон,3
2022-11-04 03:00:00,Миннесота,0,4,Сиэтл,3
2022-11-04 03:00:00,Сент-Луис,2,5,Айлендерс,3
2022-11-04 03:00:00,Виннипег,3,2,Монреаль,1
2022-11-04 03:30:00,Чикаго,2,1,Лос-Анджелес,1
2022-11-04 04:00:00,Калгари,1,4,Нэшвилл,3
2022-11-04 04:00:00,Эдмонтон,3,4,Нью-Джерси,3
2022-11-04 05:00:00,Ванкувер,8,5,Анахайм,1
2022-11-04 05:00:00,Аризона,2,7,Даллас,3
2022-11-04 05:30:00,Сан-Хосе,3,4,Флорида,3
2022-11-04 21:00:00,Колорадо,6,3,Коламбус,1
2022-11-05 02:00:00,Каролина,5,3,Баффало,1
2022-11-05 20:00:00,Детройт,3,0,Айлендерс,1
2022-11-05 21:00:00,Коламбус,1,5,Колорадо,3
2022-11-05 22:00:00,Виннипег,4,0,Чикаго,1
2022-11-05 23:00:00,Эдмонтон,2,6,Даллас,3
2022-11-06 02:00:00,Монреаль,4,6,Вегас,3
2022-11-06 02:00:00,Тампа-Бэй,5,3,Баффало,1
2022-11-06 02:00:00,Вашингтон,2,3,Аризона,3
2022-11-06 02:00:00,Оттава,1,2,Филадельфия,3
2022-11-06 02:00:00,Питтсбург,2,3,Сиэтл,3
2022-11-06 02:00:00,Торонто,2,1,Бостон,1
2022-11-06 05:00:00,Калгари,3,4,Нью-Джерси,1
2022-11-06 05:00:00,Ванкувер,3,4,Нэшвилл,3
2022-11-06 05:30:00,Сан-Хосе,4,5,Анахайм,3
2022-11-06 05:30:00,Лос-Анджелес,5,4,Флорида,1
2022-11-07 01:00:00,Каролина,1,3,Торонто,3
2022-11-07 01:00:00,Рейнджерс,2,3,Детройт,1
2022-11-07 05:00:00,Анахайм,3,5,Флорида,3
2022-11-08 03:00:00,Айлендерс,4,3,Калгари,1
2022-11-08 03:00:00,Бостон,3,1,Сент-Луис,1
2022-11-08 04:00:00,Вашингтон,5,4,Эдмонтон,1
2022-11-09 03:00:00,Оттава,4,6,Ванкувер,3
2022-11-09 03:00:00,Филадельфия,5,1,Сент-Луис,1
2022-11-09 03:00:00,Рейнджерс,3,4,Айлендерс,3
2022-11-09 03:00:00,Нью-Джерси,3,2,Калгари,1
2022-11-09 03:00:00,Детройт,2,3,Монреаль,3
2022-11-09 03:00:00,Торонто,3,4,Вегас,1
2022-11-09 03:00:00,Баффало,1,4,Аризона,3
2022-11-09 03:30:00,Тампа-Бэй,2,3,Эдмонтон,3
2022-11-09 04:00:00,Виннипег,5,1,Даллас,1
2022-11-09 06:00:00,Сиэтл,5,1,Нэшвилл,1
2022-11-09 06:30:00,Лос-Анджелес,1,0,Миннесота,1
2022-11-10 03:00:00,Флорида,3,0,Каролина,1
2022-11-10 03:30:00,Вашингтон,1,4,Питтсбург,3
2022-11-10 03:30:00,Монреаль,5,2,Ванкувер,1
2022-11-10 06:00:00,Анахайм,1,4,Миннесота,3
2022-11-11 03:00:00,Баффало,4,7,Вегас,3
2022-11-11 03:00:00,Коламбус,5,2,Филадельфия,1
2022-11-11 03:00:00,Нью-Джерси,4,3,Оттава,1
2022-11-11 03:00:00,Бостон,3,1,Калгари,1
2022-11-11 03:00:00,Каролина,7,2,Эдмонтон,1
2022-11-11 03:00:00,Детройт,2,8,Рейнджерс,3
2022-11-11 03:30:00,Айлендерс,0,2,Аризона,3
2022-11-11 04:00:00,Сент-Луис,5,3,Сан-Хосе,1
2022-11-11 05:00:00,Колорадо,5,3,Нэшвилл,1
2022-11-11 06:30:00,Лос-Анджелес,2,1,Чикаго,1
2022-11-12 03:00:00,Торонто,2,4,Питтсбург,3
2022-11-12 03:00:00,Вашингтон,5,1,Тампа-Бэй,1
2022-11-12 04:30:00,Даллас,4,5,Сан-Хосе,3
2022-11-12 06:00:00,Сиэтл,0,1,Миннесота,3
2022-11-12 21:00:00,Филадельфия,1,4,Оттава,3
2022-11-13 00:00:00,Флорида,2,4,Эдмонтон,3
2022-11-13 03:00:00,Нью-Джерси,4,2,Аризона,1
2022-11-13 03:00:00,Баффало,1,3,Бостон,3
2022-11-13 03:00:00,Монреаль,5,4,Питтсбург,1
2022-11-13 03:00:00,Торонто,3,2,Ванкувер,1
2022-11-13 03:30:00,Айлендерс,4,3,Коламбус,1
2022-11-13 04:00:00,Нэшвилл,2,1,Рейнджерс,1
2022-11-13 05:00:00,Колорадо,4,1,Каролина,1
2022-11-13 06:00:00,Вегас,2,3,Сент-Луис,3
2022-11-13 06:00:00,Анахайм,2,3,Чикаго,3
2022-11-13 06:00:00,Калгари,3,2,Виннипег,1
2022-11-13 06:30:00,Лос-Анджелес,4,3,Детройт,1
2022-11-13 21:00:00,Филадельфия,1,5,Даллас,3
2022-11-14 02:00:00,Бостон,5,2,Ванкувер,1
2022-11-14 02:00:00,Миннесота,2,3,Сан-Хосе,3
2022-11-14 03:00:00,Тампа-Бэй,6,3,Вашингтон,1
2022-11-14 03:00:00,Рейнджерс,4,1,Аризона,1
2022-11-14 04:00:00,Сиэтл,2,3,Виннипег,1
2022-11-15 01:30:00,Оттава,2,4,Айлендерс,3
2022-11-15 04:30:00,Чикаго,0,3,Каролина,3
2022-11-15 04:30:00,Калгари,6,5,Лос-Анджелес,1
2022-11-15 05:00:00,Колорадо,2,3,Сент-Луис,3
2022-11-16 03:00:00,Баффало,4,5,Ванкувер,3
2022-11-16 03:00:00,Питтсбург,2,5,Торонто,3
2022-11-16 03:00:00,Тампа-Бэй,5,4,Даллас,1
2022-11-16 03:00:00,Монреаль,1,5,Нью-Джерси,3
2022-11-16 03:00:00,Флорида,5,2,Вашингтон,1
2022-11-16 03:30:00,Коламбус,5,4,Филадельфия,1
2022-11-16 04:00:00,Нэшвилл,2,1,Миннесота,1
2022-11-16 06:00:00,Вегас,2,5,Сан-Хосе,3
2022-11-16 06:00:00,Анахайм,3,2,Детройт,1
2022-11-17 03:00:00,Оттава,4,1,Баффало,1
2022-11-17 03:30:00,Чикаго,2,5,Сент-Луис,3
2022-11-17 06:00:00,Эдмонтон,1,3,Лос-Анджелес,3
2022-11-18 03:00:00,Торонто,2,3,Нью-Джерси,1
2022-11-18 03:00:00,Флорида,4,6,Даллас,3
2022-11-18 03:00:00,Каролина,2,3,Колорадо,1
2022-11-18 03:00:00,Коламбус,6,4,Монреаль,1
2022-11-18 03:00:00,Бостон,4,1,Филадельфия,1
2022-11-18 03:00:00,Тампа-Бэй,4,1,Калгари,1
2022-11-18 04:00:00,Виннипег,3,2,Анахайм,1
2022-11-18 04:00:00,Миннесота,4,6,Питтсбург,3
2022-11-18 04:00:00,Нэшвилл,5,4,Айлендерс,1
2022-11-18 04:00:00,Сент-Луис,5,4,Вашингтон,1
2022-11-18 06:00:00,Сиэтл,3,2,Рейнджерс,1
2022-11-18 06:00:00,Вегас,4,1,Аризона,1
2022-11-18 06:30:00,Сан-Хосе,4,7,Детройт,3
2022-11-19 06:00:00,Ванкувер,4,1,Лос-Анджелес,1
2022-11-19 21:00:00,Оттава,1,5,Нью-Джерси,3
2022-11-20 00:00:00,Флорида,4,5,Калгари,3
2022-11-20 03:00:00,Виннипег,0,3,Питтсбург,3
2022-11-20 03:00:00,Торонто,5,2,Баффало,1
2022-11-20 03:00:00,Бостон,6,1,Чикаго,1
2022-11-20 03:00:00,Вашингтон,0,4,Колорадо,3
2022-11-20 03:00:00,Монреаль,5,4,Филадельфия,1
2022-11-20 03:00:00,Коламбус,1,6,Детройт,3
2022-11-20 04:00:00,Сент-Луис,6,2,Анахайм,1
2022-11-20 04:00:00,Нэшвилл,2,3,Тампа-Бэй,1
2022-11-20 04:00:00,Миннесота,2,1,Каролина,1
2022-11-20 04:00:00,Даллас,5,2,Айлендерс,1
2022-11-20 06:00:00,Сиэтл,3,2,Лос-Анджелес,1
2022-11-20 06:00:00,Эдмонтон,4,3,Вегас,1
2022-11-20 06:30:00,Сан-Хосе,1,2,Рейнджерс,3
2022-11-21 02:00:00,Коламбус,5,3,Флорида,1
2022-11-21 03:00:00,Чикаго,3,5,Питтсбург,3
2022-11-22 03:00:00,Нью-Джерси,5,2,Эдмонтон,1
2022-11-22 03:00:00,Филадельфия,2,5,Калгари,3
2022-11-22 03:00:00,Тампа-Бэй,3,5,Бостон,3
2022-11-22 03:30:00,Торонто,2,3,Айлендерс,1
2022-11-22 03:30:00,Виннипег,4,3,Каролина,1
2022-11-22 04:00:00,Сент-Луис,3,1,Анахайм,1
2022-11-22 04:00:00,Нэшвилл,4,3,Аризона,1
2022-11-22 04:30:00,Даллас,2,3,Колорадо,3
2022-11-22 06:30:00,Сан-Хосе,5,1,Оттава,1
2022-11-22 06:30:00,Ванкувер,4,5,Вегас,3
2022-11-23 03:00:00,Монреаль,2,7,Баффало,3
2022-11-23 06:30:00,Лос-Анджелес,3,5,Рейнджерс,3
2022-11-24 03:00:00,Детройт,3,0,Нэшвилл,1
2022-11-24 03:00:00,Коламбус,1,3,Монреаль,3
2022-11-24 03:00:00,Баффало,6,2,Сент-Луис,1
2022-11-24 03:00:00,Каролина,0,4,Аризона,3
2022-11-24 03:00:00,Миннесота,6,1,Виннипег,1
2022-11-24 03:00:00,Флорида,5,2,Бостон,1
2022-11-24 03:00:00,Питтсбург,2,1,Калгари,1
2022-11-24 03:00:00,Нью-Джерси,1,2,Торонто,3
2022-11-24 03:30:00,Айлендерс,3,0,Эдмонтон,1
2022-11-24 03:30:00,Вашингтон,3,2,Филадельфия,1
2022-11-24 04:30:00,Даллас,6,4,Чикаго,1
2022-11-24 06:00:00,Сиэтл,8,5,Сан-Хосе,1
2022-11-24 06:00:00,Анахайм,3,2,Рейнджерс,1
2022-11-24 06:00:00,Колорадо,3,4,Ванкувер,3
2022-11-24 06:00:00,Вегас,4,1,Оттава,1
2022-11-25 21:00:00,Бостон,3,2,Каролина,1
2022-11-25 22:00:00,Чикаго,2,3,Монреаль,3
2022-11-25 22:00:00,Миннесота,3,4,Торонто,3
2022-11-25 22:00:00,Вашингтон,3,0,Калгари,1
2022-11-25 23:00:00,Анахайм,1,5,Оттава,3
2022-11-26 01:30:00,Филадельфия,1,4,Питтсбург,3
2022-11-26 04:00:00,Детройт,4,3,Аризона,1
2022-11-26 04:00:00,Тампа-Бэй,5,2,Сент-Луис,1
2022-11-26 04:00:00,Коламбус,2,3,Айлендерс,3
2022-11-26 04:00:00,Вегас,2,4,Сиэтл,3
2022-11-26 04:00:00,Баффало,1,3,Нью-Джерси,3
2022-11-26 04:30:00,Даллас,4,5,Виннипег,1
2022-11-26 06:30:00,Сан-Хосе,2,5,Лос-Анджелес,3
2022-11-26 21:00:00,Рейнджерс,3,4,Эдмонтон,3
2022-11-27 00:00:00,Каролина,3,2,Калгари,1
2022-11-27 02:30:00,Флорида,4,5,Сент-Луис,1
2022-11-27 03:00:00,Нью-Джерси,5,1,Вашингтон,1
2022-11-27 03:00:00,Питтсбург,1,4,Торонто,3
2022-11-27 03:30:00,Айлендерс,5,2,Филадельфия,1
2022-11-27 05:00:00,Колорадо,4,1,Даллас,1
2022-11-27 06:00:00,Вегас,1,5,Ванкувер,3
2022-11-27 22:00:00,Миннесота,4,3,Аризона,1
2022-11-28 03:00:00,Чикаго,2,7,Виннипег,3
2022-11-28 04:00:00,Анахайм,4,5,Сиэтл,3
2022-11-28 04:00:00,Сан-Хосе,3,4,Ванкувер,1
2022-11-28 06:30:00,Лос-Анджелес,2,3,Оттава,1
2022-11-29 03:00:00,Детройт,2,4,Торонто,3
2022-11-29 03:00:00,Рейнджерс,3,5,Нью-Джерси,3
2022-11-29 03:00:00,Баффало,5,6,Тампа-Бэй,1
2022-11-29 03:00:00,Коламбус,2,3,Вегас,3
2022-11-29 04:00:00,Сент-Луис,1,4,Даллас,3
2022-11-29 05:30:00,Эдмонтон,4,3,Флорида,1
2022-11-30 03:00:00,Бостон,3,1,Тампа-Бэй,1
2022-11-30 03:00:00,Монреаль,0,4,Сан-Хосе,3
2022-11-30 03:00:00,Питтсбург,2,3,Каролина,1
2022-11-30 03:30:00,Филадельфия,3,1,Айлендерс,1
2022-11-30 04:00:00,Нэшвилл,2,1,Анахайм,1
2022-11-30 04:00:00,Виннипег,5,0,Колорадо,1
2022-11-30 05:00:00,Калгари,6,2,Флорида,1
2022-11-30 06:00:00,Ванкувер,1,5,Вашингтон,3
2022-11-30 06:30:00,Лос-Анджелес,8,9,Сиэтл,1
2022-12-01 03:00:00,Оттава,1,3,Рейнджерс,3
2022-12-01 03:00:00,Торонто,3,1,Сан-Хосе,1
2022-12-01 03:00:00,Детройт,4,5,Баффало,3
2022-12-01 05:30:00,Чикаго,4,5,Эдмонтон,3
2022-12-02 03:00:00,Филадельфия,1,4,Тампа-Бэй,3
2022-12-02 03:00:00,Питтсбург,4,3,Вегас,1
2022-12-02 03:00:00,Нью-Джерси,3,4,Нэшвилл,1
2022-12-02 03:00:00,Баффало,4,6,Колорадо,3
2022-12-02 04:00:00,Миннесота,5,3,Эдмонтон,1
2022-12-02 04:00:00,Сент-Луис,4,6,Каролина,3
2022-12-02 04:30:00,Даллас,5,0,Анахайм,1
2022-12-02 05:00:00,Калгари,1,2,Монреаль,3
2022-12-02 06:00:00,Ванкувер,1,5,Флорида,3
2022-12-02 06:00:00,Сиэтл,3,2,Вашингтон,1
2022-12-02 06:30:00,Лос-Анджелес,5,3,Аризона,1
2022-12-03 03:00:00,Рейнджерс,2,3,Оттава,1
2022-12-03 03:30:00,Айлендерс,1,4,Нэшвилл,3
2022-12-03 04:00:00,Виннипег,1,4,Коламбус,3
2022-12-03 22:00:00,Миннесота,5,4,Анахайм,1
2022-12-04 03:00:00,Тампа-Бэй,4,3,Торонто,1
2022-12-04 03:00:00,Детройт,1,4,Вегас,3
2022-12-04 03:00:00,Эдмонтон,5,3,Монреаль,1
2022-12-04 03:00:00,Оттава,5,2,Сан-Хосе,1
2022-12-04 03:00:00,Питтсбург,6,2,Сент-Луис,1
2022-12-04 03:00:00,Филадельфия,2,3,Нью-Джерси,3
2022-12-04 03:00:00,Бостон,5,1,Колорадо,1
2022-12-04 03:30:00,Рейнджерс,2,5,Чикаго,3
2022-12-04 06:00:00,Ванкувер,3,2,Аризона,1
2022-12-04 06:00:00,Сиэтл,1,5,Флорида,3
2022-12-04 06:00:00,Калгари,5,2,Вашингтон,1
2022-12-04 06:30:00,Лос-Анджелес,2,4,Каролина,3
2022-12-04 23:00:00,Даллас,5,6,Миннесота,3
2022-12-04 23:00:00,Виннипег,5,2,Анахайм,1
2022-12-05 02:00:00,Коламбус,2,4,Детройт,3
2022-12-05 03:00:00,Баффало,6,3,Сан-Хосе,1
2022-12-05 03:30:00,Айлендерс,3,0,Чикаго,1
2022-12-06 03:00:00,Филадельфия,5,3,Колорадо,1
2022-12-06 03:00:00,Рейнджерс,6,4,Сент-Луис,1
2022-12-06 03:00:00,Бостон,3,4,Вегас,3
2022-12-06 04:30:00,Эдмонтон,2,3,Вашингтон,3
2022-12-06 05:00:00,Калгари,3,2,Аризона,1
2022-12-06 06:30:00,Ванкувер,7,6,Монреаль,1
2022-12-07 03:00:00,Тампа-Бэй,2,4,Детройт,3
2022-12-07 03:00:00,Нью-Джерси,3,0,Чикаго,1
2022-12-07 03:00:00,Оттава,2,5,Лос-Анджелес,3
2022-12-07 03:00:00,Питтсбург,4,1,Коламбус,1
2022-12-07 03:30:00,Айлендерс,4,7,Сент-Луис,3
2022-12-07 04:00:00,Виннипег,5,2,Флорида,1
2022-12-07 04:30:00,Даллас,0,4,Торонто,3
2022-12-07 06:00:00,Анахайм,4,3,Каролина,1
2022-12-07 06:00:00,Сиэтл,2,4,Монреаль,3
2022-12-08 03:00:00,Филадельфия,1,4,Вашингтон,3
2022-12-08 03:30:00,Коламбус,4,9,Баффало,3
2022-12-08 04:00:00,Калгари,5,3,Миннесота,1
2022-12-08 05:00:00,Колорадо,0,4,Бостон,3
2022-12-08 05:30:00,Эдмонтон,8,2,Аризона,1
2022-12-08 06:00:00,Вегас,1,5,Рейнджерс,3
2022-12-08 06:30:00,Сан-Хосе,5,6,Ванкувер,1
2022-12-09 03:00:00,Тампа-Бэй,5,2,Нэшвилл,1
2022-12-09 03:00:00,Торонто,5,0,Лос-Анджелес,1
2022-12-09 03:30:00,Флорида,5,1,Детройт,1
2022-12-09 04:00:00,Сент-Луис,2,5,Виннипег,3
2022-12-09 04:30:00,Даллас,4,3,Оттава,1
2022-12-10 03:00:00,Нью-Джерси,4,6,Айлендерс,3
2022-12-10 03:00:00,Вашингтон,4,1,Сиэтл,1
2022-12-10 03:00:00,Баффало,3,4,Питтсбург,1
2022-12-10 03:00:00,Коламбус,3,1,Калгари,1
2022-12-10 04:30:00,Чикаго,1,3,Виннипег,3
2022-12-10 05:00:00,Эдмонтон,5,2,Миннесота,1
2022-12-10 05:00:00,Колорадо,1,2,Рейнджерс,3
2022-12-10 05:30:00,Аризона,4,3,Бостон,1
2022-12-10 06:00:00,Анахайм,1,6,Сан-Хосе,3
2022-12-10 06:00:00,Вегас,2,1,Филадельфия,1
2022-12-10 21:30:00,Нэшвилл,2,3,Оттава,3
2022-12-10 22:00:00,Даллас,3,2,Детройт,1
2022-12-11 00:30:00,Тампа-Бэй,4,1,Флорида,1
2022-12-11 03:00:00,Торонто,5,4,Калгари,1
2022-12-11 03:00:00,Питтсбург,3,1,Баффало,1
2022-12-11 03:00:00,Монреаль,2,4,Лос-Анджелес,3
2022-12-11 03:30:00,Айлендерс,0,3,Каролина,3
2022-12-11 06:00:00,Ванкувер,0,3,Миннесота,3
2022-12-11 23:00:00,Сент-Луис,2,3,Колорадо,1
2022-12-12 02:00:00,Флорида,2,5,Сиэтл,3
2022-12-12 02:00:00,Коламбус,6,5,Лос-Анджелес,1
2022-12-12 03:00:00,Аризона,5,4,Филадельфия,1
2022-12-12 03:00:00,Виннипег,2,5,Вашингтон,3
2022-12-12 04:00:00,Вегас,1,3,Бостон,3
2022-12-13 03:00:00,Монреаль,2,1,Калгари,1
2022-12-13 03:00:00,Питтсбург,2,1,Даллас,1
2022-12-13 03:00:00,Рейнджерс,4,3,Нью-Джерси,1
2022-12-13 03:30:00,Оттава,3,0,Анахайм,1
2022-12-13 04:00:00,Миннесота,2,1,Эдмонтон,1
2022-12-13 04:00:00,Сент-Луис,1,0,Нэшвилл,1
2022-12-14 03:00:00,Детройт,0,1,Каролина,3
2022-12-14 03:00:00,Тампа-Бэй,6,2,Сиэтл,1
2022-12-14 03:00:00,Нью-Джерси,1,4,Даллас,3
2022-12-14 03:00:00,Торонто,7,0,Анахайм,1
2022-12-14 03:00:00,Флорида,4,0,Коламбус,1
2022-12-14 03:00:00,Бостон,4,3,Айлендерс,1
2022-12-14 03:00:00,Баффало,6,0,Лос-Анджелес,1
2022-12-14 04:00:00,Нэшвилл,3,6,Эдмонтон,3
2022-12-14 04:00:00,Виннипег,5,6,Вегас,3
2022-12-14 05:00:00,Чикаго,3,7,Вашингтон,3
2022-12-14 05:00:00,Колорадо,3,2,Филадельфия,1
2022-12-14 06:30:00,Сан-Хосе,3,2,Аризона,1
2022-12-15 03:00:00,Оттава,3,2,Монреаль,1
2022-12-15 03:30:00,Миннесота,4,1,Детройт,1
2022-12-15 06:00:00,Калгари,3,4,Ванкувер,3
2022-12-16 03:00:00,Тампа-Бэй,4,1,Коламбус,1
2022-12-16 03:00:00,Нью-Джерси,1,2,Филадельфия,3
2022-12-16 03:00:00,Монреаль,2,5,Анахайм,3
2022-12-16 03:00:00,Флорида,2,4,Питтсбург,3
2022-12-16 03:00:00,Вашингтон,1,2,Даллас,3
2022-12-16 03:00:00,Бостон,2,3,Лос-Анджелес,3
2022-12-16 03:00:00,Каролина,3,2,Сиэтл,1
2022-12-16 03:00:00,Рейнджерс,3,1,Торонто,1
2022-12-16 04:00:00,Виннипег,2,1,Нэшвилл,1
2022-12-16 04:30:00,Чикаго,1,4,Вегас,3
2022-12-16 05:00:00,Колорадо,2,4,Баффало,3
2022-12-16 05:00:00,Эдмонтон,3,4,Сент-Луис,3
2022-12-17 04:00:00,Миннесота,4,1,Чикаго,1
2022-12-17 05:00:00,Калгари,2,5,Сент-Луис,3
2022-12-17 05:30:00,Аризона,5,4,Айлендерс,1
2022-12-17 21:00:00,Детройт,3,6,Оттава,3
2022-12-17 21:00:00,Бостон,4,2,Коламбус,1
2022-12-18 00:00:00,Эдмонтон,3,4,Анахайм,3
2022-12-18 03:00:00,Филадельфия,3,6,Рейнджерс,3
2022-12-18 03:00:00,Каролина,5,4,Даллас,1
2022-12-18 03:00:00,Монреаль,1,5,Тампа-Бэй,3
2022-12-18 03:00:00,Вашингтон,5,2,Торонто,1
2022-12-18 03:30:00,Нью-Джерси,2,4,Флорида,3
2022-12-18 05:00:00,Аризона,2,5,Баффало,3
2022-12-18 05:00:00,Колорадо,3,1,Нэшвилл,1
2022-12-18 06:00:00,Ванкувер,1,5,Виннипег,3
2022-12-18 06:00:00,Вегас,2,5,Айлендерс,3
2022-12-18 06:30:00,Лос-Анджелес,3,2,Сан-Хосе,1
2022-12-18 22:00:00,Миннесота,4,2,Оттава,1
2022-12-19 01:00:00,Каролина,3,2,Питтсбург,1
2022-12-19 03:30:00,Чикаго,1,7,Рейнджерс,3
2022-12-19 04:00:00,Сиэтл,3,2,Виннипег,1
2022-12-19 06:00:00,Сан-Хосе,2,5,Калгари,3
2022-12-20 03:00:00,Коламбус,1,2,Даллас,3
2022-12-20 03:00:00,Бостон,7,3,Флорида,1
2022-12-20 03:00:00,Вашингтон,4,3,Детройт,1
2022-12-20 04:00:00,Нэшвилл,4,3,Эдмонтон,1
2022-12-20 05:00:00,Колорадо,1,0,Айлендерс,1
2022-12-20 06:00:00,Вегас,2,3,Баффало,3
2022-12-20 06:00:00,Аризона,2,3,Монреаль,1
2022-12-20 06:30:00,Ванкувер,1,5,Сент-Луис,3
2022-12-21 03:00:00,Филадельфия,5,3,Коламбус,1
2022-12-21 03:00:00,Каролина,4,1,Нью-Джерси,1
2022-12-21 03:00:00,Питтсбург,3,2,Рейнджерс,1
2022-12-21 03:00:00,Торонто,4,1,Тампа-Бэй,1
2022-12-21 04:00:00,Виннипег,5,1,Оттава,1
2022-12-21 06:00:00,Сиэтл,5,2,Сент-Луис,1
2022-12-21 06:30:00,Сан-Хосе,3,7,Калгари,3
2022-12-21 06:30:00,Лос-Анджелес,4,1,Анахайм,1
2022-12-22 03:00:00,Флорида,2,4,Нью-Джерси,3
2022-12-22 03:00:00,Детройт,7,4,Тампа-Бэй,1
2022-12-22 04:00:00,Колорадо,2,1,Монреаль,1
2022-12-22 04:30:00,Чикаго,2,4,Нэшвилл,3
2022-12-22 05:30:00,Даллас,3,6,Эдмонтон,3
2022-12-22 06:00:00,Анахайм,1,4,Миннесота,3
2022-12-22 06:00:00,Вегас,5,2,Аризона,1
2022-12-22 22:00:00,Торонто,4,3,Филадельфия,1
2022-12-23 03:00:00,Бостон,3,2,Виннипег,1
2022-12-23 03:00:00,Питтсбург,3,4,Каролина,1
2022-12-23 03:00:00,Рейнджерс,5,3,Айлендерс,1
2022-12-23 03:00:00,Оттава,2,3,Вашингтон,1
2022-12-23 06:00:00,Ванкувер,6,5,Сиэтл,1
2022-12-23 06:30:00,Лос-Анджелес,4,3,Калгари,1
2022-12-23 06:30:00,Сан-Хосе,5,2,Миннесота,1
2022-12-24 03:00:00,Нью-Джерси,3,4,Бостон,3
2022-12-24 03:00:00,Каролина,6,5,Филадельфия,1
2022-12-24 03:00:00,Вашингтон,4,1,Виннипег,1
2022-12-24 03:30:00,Айлендерс,5,1,Флорида,1
2022-12-24 04:00:00,Нэшвилл,2,3,Колорадо,1
2022-12-24 04:00:00,Даллас,4,2,Монреаль,1
2022-12-24 04:30:00,Чикаго,5,2,Коламбус,1
2022-12-24 05:00:00,Эдмонтон,2,5,Ванкувер,3
2022-12-24 05:30:00,Аризона,2,1,Лос-Анджелес,1
2022-12-24 06:00:00,Вегас,5,4,Сент-Луис,1
2022-12-24 06:30:00,Анахайм,2,3,Калгари,1
2022-12-28 03:00:00,Рейнджерс,0,4,Вашингтон,3
2022-12-28 03:00:00,Оттава,3,2,Бостон,1
2022-12-28 03:00:00,Каролина,3,0,Чикаго,1
2022-12-28 03:30:00,Айлендерс,5,1,Питтсбург,1
2022-12-28 04:00:00,Виннипег,1,4,Миннесота,3
2022-12-28 04:00:00,Сент-Луис,4,5,Торонто,1
2022-12-28 04:00:00,Нэшвилл,2,3,Даллас,3
2022-12-28 05:00:00,Аризона,6,3,Колорадо,1
2022-12-28 05:00:00,Калгари,1,2,Эдмонтон,3
2022-12-28 06:00:00,Ванкувер,6,2,Сан-Хосе,1
2022-12-28 06:30:00,Лос-Анджелес,4,2,Вегас,1
2022-12-29 03:00:00,Тампа-Бэй,4,1,Монреаль,1
2022-12-29 03:30:00,Нью-Джерси,1,3,Бостон,3
2022-12-29 03:30:00,Питтсбург,4,5,Детройт,1
2022-12-29 06:00:00,Сиэтл,2,3,Калгари,3
2022-12-29 06:00:00,Анахайм,3,2,Вегас,1
2022-12-30 03:00:00,Тампа-Бэй,2,1,Рейнджерс,1
2022-12-30 03:00:00,Баффало,6,3,Детройт,1
2022-12-30 03:00:00,Вашингтон,3,4,Оттава,1
2022-12-30 03:00:00,Флорида,7,2,Монреаль,1
2022-12-30 03:30:00,Айлендерс,2,1,Коламбус,1
2022-12-30 04:00:00,Сент-Луис,3,1,Чикаго,1
2022-12-30 04:00:00,Миннесота,1,4,Даллас,3
2022-12-30 04:00:00,Виннипег,4,2,Ванкувер,1
2022-12-30 05:00:00,Колорадо,4,5,Лос-Анджелес,3
2022-12-30 05:00:00,Аризона,6,3,Торонто,1
2022-12-30 06:30:00,Сан-Хосе,3,4,Филадельфия,1
2022-12-31 01:00:00,Анахайм,1,6,Нэшвилл,3
2022-12-31 03:00:00,Питтсбург,2,4,Нью-Джерси,3
2022-12-31 03:30:00,Каролина,4,0,Флорида,1
2022-12-31 06:00:00,Сиэтл,2,7,Эдмонтон,3
2022-12-31 21:00:00,Коламбус,4,1,Чикаго,1
2022-12-31 21:00:00,Бостон,3,4,Баффало,1
2022-12-31 23:00:00,Вегас,5,4,Нэшвилл,1
2023-01-01 00:00:00,Лос-Анджелес,2,4,Филадельфия,3
2023-01-01 00:00:00,Вашингтон,9,2,Монреаль,1
2023-01-01 01:00:00,Тампа-Бэй,5,3,Аризона,1
2023-01-01 02:00:00,Сент-Луис,2,5,Миннесота,3
2023-01-01 03:00:00,Детройт,4,2,Оттава,1
2023-01-01 03:00:00,Колорадо,2,6,Торонто,3
2023-01-01 04:00:00,Даллас,5,2,Сан-Хосе,1
2023-01-01 06:00:00,Калгари,3,2,Ванкувер,1
2023-01-01 06:00:00,Эдмонтон,1,2,Виннипег,3
2023-01-01 23:00:00,Нью-Джерси,4,5,Каролина,3
2023-01-02 01:00:00,Флорида,3,5,Рейнджерс,3
2023-01-02 03:00:00,Оттава,3,1,Баффало,1
2023-01-02 03:00:00,Чикаго,2,5,Сан-Хосе,3
2023-01-02 04:00:00,Сиэтл,4,1,Айлендерс,1
2023-01-02 22:00:00,Бостон,2,1,Питтсбург,1
2023-01-03 05:00:00,Колорадо,2,3,Вегас,3
2023-01-03 06:00:00,Анахайм,1,4,Филадельфия,3
2023-01-04 03:00:00,Вашингтон,4,5,Баффало,1
2023-01-04 03:00:00,Оттава,4,0,Коламбус,1
2023-01-04 03:00:00,Рейнджерс,5,3,Каролина,1
2023-01-04 03:00:00,Флорида,5,3,Аризона,1
2023-01-04 03:00:00,Торонто,5,6,Сент-Луис,3
2023-01-04 04:00:00,Виннипег,3,2,Калгари,1
2023-01-04 04:00:00,Нэшвилл,6,3,Монреаль,1
2023-01-04 04:30:00,Чикаго,1,4,Тампа-Бэй,3
2023-01-04 05:00:00,Эдмонтон,2,5,Сиэтл,3
2023-01-04 06:00:00,Ванкувер,2,6,Айлендерс,3
2023-01-04 06:00:00,Лос-Анджелес,3,2,Даллас,1
2023-01-05 03:00:00,Детройт,1,5,Нью-Джерси,3
2023-01-05 05:30:00,Миннесота,5,1,Тампа-Бэй,1
2023-01-05 06:00:00,Анахайм,2,0,Даллас,1
2023-01-06 03:00:00,Филадельфия,6,2,Аризона,1
2023-01-06 03:00:00,Торонто,1,5,Сиэтл,3
2023-01-06 03:00:00,Монреаль,1,4,Рейнджерс,3
2023-01-06 03:00:00,Коламбус,2,6,Вашингтон,3
2023-01-06 03:00:00,Каролина,3,5,Нэшвилл,3
2023-01-06 03:00:00,Нью-Джерси,3,5,Сент-Луис,3
2023-01-06 05:00:00,Эдмонтон,4,2,Айлендерс,1
2023-01-06 06:00:00,Вегас,5,2,Питтсбург,1
2023-01-06 06:00:00,Ванкувер,4,2,Колорадо,1
2023-01-06 06:30:00,Лос-Анджелес,2,5,Бостон,3
2023-01-07 03:00:00,Вашингтон,2,3,Нэшвилл,3
2023-01-07 03:00:00,Детройт,2,3,Флорида,3
2023-01-07 04:00:00,Виннипег,4,2,Тампа-Бэй,1
2023-01-07 04:30:00,Чикаго,2,0,Аризона,1
2023-01-07 05:00:00,Калгари,4,1,Айлендерс,1
2023-01-07 06:00:00,Анахайм,5,4,Сан-Хосе,1
2023-01-07 21:00:00,Нью-Джерси,4,3,Рейнджерс,1
2023-01-08 00:00:00,Коламбус,4,3,Каролина,1
2023-01-08 03:00:00,Монреаль,5,4,Сент-Луис,1
2023-01-08 03:00:00,Баффало,6,5,Миннесота,1
2023-01-08 03:00:00,Торонто,4,1,Детройт,1
2023-01-08 03:00:00,Оттава,4,8,Сиэтл,3
2023-01-08 06:00:00,Эдмонтон,2,3,Колорадо,1
2023-01-08 06:00:00,Вегас,1,5,Лос-Анджелес,3
2023-01-08 06:30:00,Сан-Хосе,2,4,Бостон,3
2023-01-08 23:00:00,Виннипег,7,4,Ванкувер,1
2023-01-08 23:30:00,Даллас,5,1,Флорида,1
2023-01-09 01:00:00,Вашингтон,1,0,Коламбус,1
2023-01-09 03:00:00,Аризона,1,4,Питтсбург,3
2023-01-09 03:00:00,Филадельфия,2,6,Торонто,3
2023-01-09 03:00:00,Чикаго,4,3,Калгари,1
2023-01-09 03:00:00,Миннесота,0,3,Сент-Луис,3
2023-01-09 04:30:00,Анахайм,1,7,Бостон,3
2023-01-10 03:00:00,Баффало,0,4,Филадельфия,3
2023-01-10 03:30:00,Монреаль,0,4,Сиэтл,3
2023-01-10 03:30:00,Оттава,0,3,Нэшвилл,3
2023-01-10 06:30:00,Лос-Анджелес,6,3,Эдмонтон,1
2023-01-11 03:00:00,Питтсбург,5,4,Ванкувер,1
2023-01-11 03:00:00,Детройт,7,5,Виннипег,1
2023-01-11 03:00:00,Баффало,3,4,Сиэтл,3
2023-01-11 03:00:00,Каролина,3,5,Нью-Джерси,3
2023-01-11 03:00:00,Рейнджерс,4,3,Миннесота,1
2023-01-11 03:00:00,Тампа-Бэй,6,3,Коламбус,1
2023-01-11 03:30:00,Айлендерс,1,2,Даллас,3
2023-01-11 04:00:00,Сент-Луис,4,3,Калгари,1
2023-01-11 05:00:00,Аризона,2,4,Сан-Хосе,3
2023-01-11 05:30:00,Колорадо,4,5,Флорида,3
2023-01-12 03:00:00,Филадельфия,5,3,Вашингтон,1
2023-01-12 03:30:00,Торонто,2,1,Нэшвилл,1
2023-01-12 06:00:00,Анахайм,2,6,Эдмонтон,3
2023-01-12 06:00:00,Лос-Анджелес,4,3,Сан-Хосе,1
2023-01-13 03:00:00,Рейнджерс,2,1,Даллас,1
2023-01-13 03:00:00,Тампа-Бэй,5,4,Ванкувер,1
2023-01-13 03:00:00,Монреаль,4,3,Нэшвилл,1
2023-01-13 03:00:00,Детройт,4,1,Торонто,1
2023-01-13 03:00:00,Баффало,2,4,Виннипег,3
2023-01-13 03:00:00,Коламбус,2,6,Каролина,3
2023-01-13 03:00:00,Бостон,0,3,Сиэтл,3
2023-01-13 03:30:00,Айлендерс,1,3,Миннесота,3
2023-01-13 04:00:00,Сент-Луис,1,4,Калгари,3
2023-01-13 04:30:00,Чикаго,3,2,Колорадо,1
2023-01-13 05:00:00,Аризона,3,5,Оттава,3
2023-01-13 06:00:00,Вегас,4,2,Флорида,1
2023-01-14 03:00:00,Питтсбург,1,4,Виннипег,3
2023-01-14 06:00:00,Анахайм,2,6,Нью-Джерси,3
2023-01-14 06:30:00,Сан-Хосе,1,7,Эдмонтон,3
2023-01-14 22:00:00,Даллас,5,6,Калгари,3
2023-01-15 03:00:00,Айлендерс,2,1,Монреаль,1
2023-01-15 03:00:00,Бостон,4,3,Торонто,1
2023-01-15 03:00:00,Каролина,2,1,Питтсбург,1
2023-01-15 03:00:00,Флорида,4,3,Ванкувер,1
2023-01-15 03:00:00,Детройт,3,4,Коламбус,3
2023-01-15 03:00:00,Вашингтон,1,3,Филадельфия,3
2023-01-15 03:00:00,Колорадо,7,0,Оттава,1
2023-01-15 04:00:00,Миннесота,2,1,Аризона,1
2023-01-15 04:00:00,Чикаго,5,8,Сиэтл,3
2023-01-15 04:00:00,Нэшвилл,3,5,Баффало,3
2023-01-15 04:00:00,Сент-Луис,2,4,Тампа-Бэй,3
2023-01-15 06:00:00,Вегас,3,4,Эдмонтон,3
2023-01-15 06:30:00,Лос-Анджелес,2,5,Нью-Джерси,3
2023-01-16 01:00:00,Рейнджерс,1,2,Монреаль,3
2023-01-16 01:00:00,Каролина,3,4,Ванкувер,3
2023-01-16 03:00:00,Виннипег,2,1,Аризона,1
2023-01-16 21:00:00,Бостон,6,0,Филадельфия,1
2023-01-16 21:00:00,Баффало,1,4,Флорида,3
2023-01-16 23:00:00,Колорадо,6,3,Детройт,1
2023-01-17 00:00:00,Сиэтл,1,4,Тампа-Бэй,3
2023-01-17 00:00:00,Сан-Хосе,3,4,Нью-Джерси,3
2023-01-17 02:00:00,Вегас,0,4,Даллас,3
2023-01-17 03:00:00,Коламбус,1,3,Рейнджерс,3
2023-01-17 03:00:00,Питтсбург,4,3,Анахайм,1
2023-01-17 03:30:00,Айлендерс,3,4,Вашингтон,1
2023-01-17 04:00:00,Нэшвилл,2,1,Калгари,1
2023-01-17 04:00:00,Сент-Луис,2,1,Оттава,1
2023-01-18 03:00:00,Монреаль,4,1,Виннипег,1
2023-01-18 03:00:00,Филадельфия,5,2,Анахайм,1
2023-01-18 03:00:00,Вашингтон,2,4,Миннесота,3
2023-01-18 03:00:00,Торонто,5,4,Флорида,1
2023-01-18 04:00:00,Нэшвилл,2,1,Коламбус,1
2023-01-18 04:30:00,Чикаго,4,3,Баффало,1
2023-01-18 05:00:00,Аризона,4,3,Детройт,1
2023-01-18 05:00:00,Эдмонтон,5,2,Сиэтл,1
2023-01-19 03:00:00,Оттава,5,4,Питтсбург,1
2023-01-19 03:30:00,Айлендерс,1,4,Бостон,3
2023-01-19 05:30:00,Калгари,1,4,Колорадо,3
2023-01-19 06:00:00,Сан-Хосе,5,3,Даллас,1
2023-01-19 06:00:00,Ванкувер,2,5,Тампа-Бэй,3
2023-01-20 03:00:00,Филадельфия,1,4,Чикаго,3
2023-01-20 03:00:00,Торонто,4,1,Виннипег,1
2023-01-20 03:00:00,Рейнджерс,1,3,Бостон,3
2023-01-20 03:00:00,Коламбус,3,5,Анахайм,3
2023-01-20 03:00:00,Монреаль,2,6,Флорида,3
2023-01-20 03:00:00,Каролина,5,2,Миннесота,1
2023-01-20 03:30:00,Баффало,3,2,Айлендерс,1
2023-01-20 04:00:00,Сент-Луис,5,2,Нэшвилл,1
2023-01-20 05:00:00,Аризона,0,4,Вашингтон,3
2023-01-20 05:00:00,Эдмонтон,5,3,Тампа-Бэй,1
2023-01-20 06:00:00,Сиэтл,4,3,Нью-Джерси,1
2023-01-20 06:00:00,Вегас,2,3,Детройт,3
2023-01-20 06:30:00,Лос-Анджелес,0,4,Даллас,3
2023-01-21 03:00:00,Питтсбург,4,1,Оттава,1
2023-01-21 06:00:00,Ванкувер,1,4,Колорадо,3
2023-01-21 20:30:00,Баффало,6,3,Анахайм,1
2023-01-21 23:00:00,Калгари,6,3,Тампа-Бэй,1
2023-01-22 02:00:00,Флорида,5,3,Миннесота,1
2023-01-22 03:00:00,Коламбус,5,3,Сан-Хосе,1
2023-01-22 03:00:00,Монреаль,3,2,Торонто,1
2023-01-22 03:00:00,Оттава,1,5,Виннипег,3
2023-01-22 03:00:00,Детройт,1,2,Филадельфия,3
2023-01-22 03:30:00,Айлендерс,2,5,Каролина,3
2023-01-22 04:00:00,Нэшвилл,5,3,Лос-Анджелес,1
2023-01-22 04:00:00,Даллас,4,0,Аризона,1
2023-01-22 04:00:00,Сент-Луис,3,5,Чикаго,3
2023-01-22 06:00:00,Вегас,6,2,Вашингтон,1
2023-01-22 06:00:00,Сиэтл,1,2,Колорадо,3
2023-01-22 06:00:00,Ванкувер,2,4,Эдмонтон,3
2023-01-22 22:00:00,Нью-Джерси,2,1,Питтсбург,1
2023-01-23 03:00:00,Чикаго,1,2,Лос-Анджелес,3
2023-01-23 03:00:00,Филадельфия,3,5,Виннипег,3
2023-01-23 03:00:00,Бостон,4,0,Сан-Хосе,1
2023-01-23 04:00:00,Аризона,4,1,Вегас,1
2023-01-24 03:00:00,Рейнджерс,6,2,Флорида,1
2023-01-24 03:00:00,Торонто,5,2,Айлендерс,1
2023-01-24 04:30:00,Даллас,2,3,Баффало,1
2023-01-24 05:30:00,Калгари,4,3,Коламбус,1
2023-01-25 03:00:00,Филадельфия,3,4,Лос-Анджелес,1
2023-01-25 03:00:00,Монреаль,2,4,Бостон,3
2023-01-25 03:00:00,Питтсбург,7,6,Флорида,1
2023-01-25 03:00:00,Тампа-Бэй,4,2,Миннесота,1
2023-01-25 03:00:00,Детройт,3,2,Сан-Хосе,1
2023-01-25 03:30:00,Нью-Джерси,3,2,Вегас,1
2023-01-25 04:00:00,Сент-Луис,3,5,Баффало,3
2023-01-25 04:00:00,Нэшвилл,2,1,Виннипег,1
2023-01-25 05:00:00,Колорадо,3,2,Вашингтон,1
2023-01-25 05:00:00,Аризона,2,5,Анахайм,3
2023-01-25 06:00:00,Ванкувер,5,2,Чикаго,1
2023-01-26 03:00:00,Оттава,2,1,Айлендерс,1
2023-01-26 03:00:00,Торонто,3,2,Рейнджерс,1
2023-01-26 04:30:00,Даллас,2,3,Каролина,1
2023-01-26 05:30:00,Эдмонтон,2,3,Коламбус,1
2023-01-26 06:00:00,Сиэтл,6,1,Ванкувер,1
2023-01-27 03:00:00,Монреаль,3,4,Детройт,1
2023-01-27 03:00:00,Тампа-Бэй,3,2,Бостон,1
2023-01-27 03:00:00,Вашингтон,3,2,Питтсбург,1
2023-01-27 04:00:00,Нэшвилл,6,4,Нью-Джерси,1
2023-01-27 04:00:00,Миннесота,3,2,Филадельфия,1
2023-01-27 04:00:00,Виннипег,2,3,Баффало,3
2023-01-27 05:00:00,Колорадо,3,5,Анахайм,3
2023-01-27 05:00:00,Калгари,1,5,Чикаго,3
2023-01-27 05:00:00,Аризона,5,0,Сент-Луис,1
2023-01-28 03:00:00,Торонто,2,6,Оттава,3
2023-01-28 03:00:00,Каролина,5,4,Сан-Хосе,1
2023-01-28 03:00:00,Флорида,3,4,Лос-Анджелес,3
2023-01-28 03:00:00,Айлендерс,2,0,Детройт,1
2023-01-28 03:00:00,Рейнджерс,4,1,Вегас,1
2023-01-28 04:30:00,Даллас,2,3,Нью-Джерси,1
2023-01-28 06:00:00,Ванкувер,5,2,Коламбус,1
2023-01-28 06:00:00,Сиэтл,2,5,Калгари,3
2023-01-28 23:00:00,Колорадо,4,2,Сент-Луис,1
2023-01-29 02:00:00,Флорида,4,3,Бостон,1
2023-01-29 03:00:00,Оттава,5,0,Монреаль,1
2023-01-29 03:00:00,Виннипег,0,4,Филадельфия,3
2023-01-29 03:00:00,Питтсбург,4,6,Сан-Хосе,3
2023-01-29 03:00:00,Тампа-Бэй,5,2,Лос-Анджелес,1
2023-01-29 03:30:00,Айлендерс,2,1,Вегас,1
2023-01-29 05:00:00,Миннесота,3,2,Баффало,1
2023-01-29 06:00:00,Сиэтл,3,1,Коламбус,1
2023-01-29 06:00:00,Эдмонтон,7,3,Чикаго,1
2023-01-29 06:30:00,Анахайм,2,1,Аризона,1
2023-01-30 01:00:00,Торонто,5,1,Вашингтон,1
2023-01-30 01:00:00,Каролина,4,1,Бостон,1
2023-01-31 04:00:00,Виннипег,4,2,Сент-Луис,1
2023-02-01 03:00:00,Монреаль,4,5,Оттава,3
2023-02-01 03:00:00,Каролина,5,4,Лос-Анджелес,1
2023-02-01 03:00:00,Коламбус,3,4,Вашингтон,1
2023-02-02 03:30:00,Баффало,1,5,Каролина,3
2023-02-02 03:30:00,Торонто,2,5,Бостон,3
2023-02-07 03:00:00,Филадельфия,1,2,Айлендерс,3
2023-02-07 03:00:00,Флорида,7,1,Тампа-Бэй,1
2023-02-07 03:30:00,Рейнджерс,5,4,Калгари,1
2023-02-07 03:30:00,Нью-Джерси,5,4,Ванкувер,1
2023-02-07 04:30:00,Даллас,3,2,Анахайм,1
2023-02-07 05:00:00,Аризона,3,2,Миннесота,1
2023-02-08 03:00:00,Питтсбург,2,1,Колорадо,1
2023-02-08 03:00:00,Тампа-Бэй,3,4,Сан-Хосе,1
2023-02-08 03:30:00,Детройт,2,5,Эдмонтон,3
2023-02-08 03:30:00,Айлендерс,4,0,Сиэтл,1
2023-02-08 04:00:00,Нэшвилл,1,5,Вегас,3
2023-02-08 04:30:00,Чикаго,2,3,Анахайм,1
2023-02-09 04:00:00,Рейнджерс,4,3,Ванкувер,1
2023-02-09 04:30:00,Даллас,4,1,Миннесота,1
2023-02-10 03:00:00,Нью-Джерси,3,1,Сиэтл,1
2023-02-10 03:00:00,Тампа-Бэй,5,0,Колорадо,1
2023-02-10 03:00:00,Флорида,4,1,Сан-Хосе,1
2023-02-10 03:00:00,Филадельфия,2,1,Эдмонтон,1
2023-02-10 03:00:00,Детройт,2,1,Калгари,1
2023-02-10 03:30:00,Айлендерс,5,6,Ванкувер,3
2023-02-10 04:00:00,Миннесота,1,5,Вегас,3
2023-02-11 03:00:00,Рейнджерс,6,3,Сиэтл,1
2023-02-11 03:00:00,Коламбус,0,3,Торонто,3
2023-02-11 04:30:00,Чикаго,4,3,Аризона,1
2023-02-11 06:00:00,Анахайм,3,6,Питтсбург,3
2023-02-11 20:00:00,Детройт,5,2,Ванкувер,1
2023-02-11 20:30:00,Монреаль,4,3,Айлендерс,1
2023-02-11 20:30:00,Филадельфия,1,2,Нэшвилл,1
2023-02-11 20:30:00,Оттава,3,6,Эдмонтон,3
2023-02-11 20:30:00,Баффало,2,7,Калгари,3
2023-02-11 21:00:00,Даллас,1,3,Тампа-Бэй,3
2023-02-11 23:30:00,Бостон,1,2,Вашингтон,3
2023-02-12 02:00:00,Флорида,3,5,Колорадо,3
2023-02-12 03:00:00,Каролина,2,6,Рейнджерс,3
2023-02-12 03:00:00,Торонто,3,4,Коламбус,3
2023-02-12 04:00:00,Миннесота,3,2,Нью-Джерси,1
2023-02-12 04:00:00,Сент-Луис,6,5,Аризона,1
2023-02-12 06:00:00,Виннипег,4,1,Чикаго,1
2023-02-12 06:30:00,Лос-Анджелес,6,0,Питтсбург,1
2023-02-12 20:30:00,Монреаль,6,2,Эдмонтон,1
2023-02-12 21:00:00,Филадельфия,3,4,Сиэтл,3
2023-02-12 21:30:00,Вашингтон,1,4,Сан-Хосе,3
2023-02-12 23:00:00,Вегас,7,2,Анахайм,1
2023-02-14 03:30:00,Оттава,4,3,Калгари,1
2023-02-14 04:00:00,Миннесота,1,2,Флорида,3
2023-02-14 04:00:00,Нэшвилл,2,4,Аризона,3
2023-02-14 06:00:00,Ванкувер,1,6,Детройт,3
2023-02-14 06:30:00,Лос-Анджелес,5,2,Баффало,1
2023-02-15 03:00:00,Вашингтон,2,3,Каролина,3
2023-02-15 03:00:00,Монреаль,4,0,Чикаго,1
2023-02-15 03:30:00,Коламбус,2,3,Нью-Джерси,3
2023-02-15 03:30:00,Айлендерс,2,3,Оттава,3
2023-02-15 04:00:00,Виннипег,3,2,Сиэтл,1
2023-02-15 04:00:00,Сент-Луис,6,2,Флорида,1
2023-02-15 04:30:00,Даллас,2,3,Бостон,1
2023-02-15 05:00:00,Колорадо,3,4,Тампа-Бэй,3
2023-02-15 06:30:00,Сан-Хосе,1,3,Питтсбург,3
2023-02-16 03:00:00,Торонто,5,2,Чикаго,1
2023-02-16 05:00:00,Аризона,1,0,Тампа-Бэй,1
2023-02-16 05:30:00,Миннесота,2,3,Колорадо,3
2023-02-16 05:30:00,Эдмонтон,4,5,Детройт,3
2023-02-16 06:00:00,Ванкувер,4,6,Рейнджерс,3
2023-02-16 06:00:00,Анахайм,3,7,Баффало,3
2023-02-17 03:00:00,Каролина,6,2,Монреаль,1
2023-02-17 03:00:00,Вашингтон,3,6,Флорида,3
2023-02-17 03:00:00,Коламбус,3,1,Виннипег,1
2023-02-17 04:00:00,Нэшвилл,0,5,Бостон,3
2023-02-17 05:00:00,Сент-Луис,4,2,Нью-Джерси,1
2023-02-17 05:00:00,Калгари,2,5,Детройт,3
2023-02-17 06:00:00,Сиэтл,6,2,Филадельфия,1
2023-02-17 06:00:00,Вегас,2,1,Сан-Хосе,1
2023-02-18 03:00:00,Оттава,3,4,Чикаго,1
2023-02-18 03:00:00,Айлендерс,5,4,Питтсбург,1
2023-02-18 04:00:00,Миннесота,2,1,Даллас,1
2023-02-18 05:00:00,Анахайм,3,6,Лос-Анджелес,3
2023-02-18 05:00:00,Эдмонтон,4,5,Рейнджерс,3
2023-02-18 22:00:00,Нэшвилл,7,3,Флорида,1
2023-02-18 22:00:00,Сент-Луис,1,4,Колорадо,3
2023-02-19 01:00:00,Бостон,6,2,Айлендерс,1
2023-02-19 01:30:00,Питтсбург,2,5,Нью-Джерси,3
2023-02-19 02:00:00,Даллас,1,4,Коламбус,3
2023-02-19 03:00:00,Торонто,5,1,Монреаль,1
2023-02-19 04:00:00,Каролина,4,1,Вашингтон,1
2023-02-19 06:00:00,Калгари,3,2,Рейнджерс,1
2023-02-19 06:00:00,Ванкувер,6,2,Филадельфия,1
2023-02-19 06:30:00,Лос-Анджелес,6,5,Аризона,1
2023-02-19 06:30:00,Сан-Хосе,2,4,Баффало,3
2023-02-19 06:30:00,Сиэтл,4,2,Детройт,1
2023-02-19 06:30:00,Вегас,5,4,Тампа-Бэй,1
2023-02-19 22:00:00,Оттава,7,2,Сент-Луис,1
2023-02-19 22:00:00,Миннесота,4,3,Нэшвилл,1
2023-02-19 23:00:00,Колорадо,6,5,Эдмонтон,1
2023-02-20 02:00:00,Чикаго,5,3,Торонто,1
2023-02-20 03:00:00,Нью-Джерси,4,2,Виннипег,1
2023-02-20 04:30:00,Аризона,3,2,Коламбус,1
2023-02-20 21:00:00,Флорида,4,3,Анахайм,1
2023-02-20 21:00:00,Бостон,3,1,Оттава,1
2023-02-21 00:00:00,Калгари,3,4,Филадельфия,3
2023-02-21 00:00:00,Сан-Хосе,4,0,Сиэтл,1
2023-02-21 03:00:00,Питтсбург,2,4,Айлендерс,3
2023-02-21 03:00:00,Рейнджерс,1,4,Виннипег,3
2023-02-22 03:00:00,Тампа-Бэй,6,1,Анахайм,1
2023-02-22 03:00:00,Каролина,4,1,Сент-Луис,1
2023-02-22 03:00:00,Нью-Джерси,2,5,Монреаль,3
2023-02-22 03:00:00,Вашингтон,1,3,Детройт,3
2023-02-22 03:30:00,Баффало,3,6,Торонто,3
2023-02-22 04:00:00,Нэшвилл,5,4,Ванкувер,1
2023-02-22 04:00:00,Миннесота,2,1,Лос-Анджелес,1
2023-02-22 04:30:00,Чикаго,3,2,Вегас,1
2023-02-22 05:00:00,Эдмонтон,4,2,Филадельфия,1
2023-02-23 03:00:00,Айлендерс,2,1,Виннипег,1
2023-02-23 05:30:00,Даллас,3,4,Чикаго,3
2023-02-23 05:30:00,Аризона,3,6,Калгари,3
2023-02-24 03:00:00,Тампа-Бэй,5,6,Баффало,1
2023-02-24 03:00:00,Нью-Джерси,4,3,Лос-Анджелес,1
2023-02-24 03:00:00,Вашингтон,2,4,Анахайм,3
2023-02-24 03:00:00,Коламбус,0,2,Миннесота,3
2023-02-24 03:00:00,Питтсбург,2,7,Эдмонтон,3
2023-02-24 03:00:00,Детройт,4,1,Рейнджерс,1
2023-02-24 04:00:00,Сент-Луис,2,3,Ванкувер,1
2023-02-24 05:00:00,Вегас,4,3,Калгари,1
2023-02-24 06:00:00,Сиэтл,5,6,Бостон,3
2023-02-24 06:30:00,Сан-Хосе,2,6,Нэшвилл,3
2023-02-25 03:00:00,Каролина,4,0,Оттава,1
2023-02-25 03:00:00,Филадельфия,2,5,Монреаль,3
2023-02-25 03:00:00,Торонто,2,1,Миннесота,1
2023-02-25 03:00:00,Флорида,1,3,Баффало,3
2023-02-25 03:30:00,Айлендерс,2,3,Лос-Анджелес,3
2023-02-25 04:00:00,Виннипег,1,5,Колорадо,3
2023-02-25 20:30:00,Коламбус,6,5,Эдмонтон,1
2023-02-25 21:00:00,Вашингтон,6,3,Рейнджерс,1
2023-02-25 23:30:00,Сент-Луис,2,3,Питтсбург,1
2023-02-26 03:00:00,Каролина,2,3,Анахайм,3
2023-02-26 03:00:00,Монреаль,2,5,Оттава,3
2023-02-26 03:00:00,Ванкувер,1,3,Бостон,3
2023-02-26 03:00:00,Нью-Джерси,7,0,Филадельфия,1
2023-02-26 04:00:00,Детройт,0,3,Тампа-Бэй,3
2023-02-26 06:00:00,Колорадо,4,1,Калгари,1
2023-02-26 06:00:00,Вегас,2,3,Даллас,3
2023-02-26 06:00:00,Сан-Хосе,3,4,Чикаго,3
2023-02-26 21:00:00,Баффало,7,4,Вашингтон,1
2023-02-26 22:00:00,Миннесота,3,2,Коламбус,1
2023-02-26 23:30:00,Виннипег,0,4,Айлендерс,3
2023-02-27 01:00:00,Рейнджерс,5,2,Лос-Анджелес,1
2023-02-27 02:00:00,Питтсбург,7,3,Тампа-Бэй,1
2023-02-27 03:00:00,Аризона,2,6,Нэшвилл,3
2023-02-27 03:00:00,Сиэтл,1,5,Торонто,3
2023-02-28 03:00:00,Оттава,6,2,Детройт,1
2023-02-28 04:30:00,Эдмонтон,2,3,Бостон,3
2023-02-28 04:30:00,Даллас,4,5,Ванкувер,1
2023-02-28 05:00:00,Колорадо,3,0,Вегас,1
2023-02-28 06:00:00,Анахайм,4,2,Чикаго,1
2023-03-01 03:00:00,Тампа-Бэй,1,4,Флорида,3
2023-03-01 03:00:00,Оттава,6,1,Детройт,1
2023-03-01 03:30:00,Баффало,3,5,Коламбус,3
2023-03-01 04:00:00,Нэшвилл,1,3,Питтсбург,3
2023-03-01 04:00:00,Сент-Луис,3,5,Сиэтл,3
2023-03-01 04:00:00,Виннипег,5,6,Лос-Анджелес,3
2023-03-01 04:00:00,Миннесота,2,1,Айлендерс,1
2023-03-01 05:00:00,Калгари,3,4,Бостон,1
2023-03-01 05:00:00,Аризона,4,1,Чикаго,1
2023-03-01 06:30:00,Сан-Хосе,1,3,Монреаль,3
2023-03-02 03:30:00,Филадельфия,2,3,Рейнджерс,1
2023-03-02 04:00:00,Эдмонтон,5,2,Торонто,1
2023-03-02 04:30:00,Даллас,4,2,Аризона,1
2023-03-02 05:00:00,Колорадо,5,7,Нью-Джерси,3
2023-03-02 06:00:00,Анахайм,2,3,Вашингтон,1
2023-03-02 06:00:00,Вегас,3,2,Каролина,1
2023-03-03 03:00:00,Тампа-Бэй,4,5,Питтсбург,1
2023-03-03 03:00:00,Рейнджерс,3,5,Оттава,3
2023-03-03 03:00:00,Бостон,7,1,Баффало,1
2023-03-03 03:00:00,Детройт,4,5,Сиэтл,1
2023-03-03 03:00:00,Флорида,1,2,Нэшвилл,3
2023-03-03 04:30:00,Чикаго,2,5,Даллас,3
2023-03-03 05:00:00,Калгари,1,2,Торонто,3
2023-03-03 06:00:00,Ванкувер,1,2,Миннесота,3
2023-03-03 06:30:00,Лос-Анджелес,3,2,Монреаль,1
2023-03-03 06:30:00,Сан-Хосе,3,6,Сент-Луис,3
2023-03-04 03:00:00,Коламбус,2,4,Сиэтл,3
2023-03-04 05:00:00,Эдмонтон,6,3,Виннипег,1
2023-03-04 05:30:00,Аризона,1,6,Каролина,3
2023-03-04 06:00:00,Вегас,4,3,Нью-Джерси,1
2023-03-04 06:00:00,Анахайм,3,2,Монреаль,1
2023-03-04 20:30:00,Баффало,5,3,Тампа-Бэй,1
2023-03-04 20:30:00,Айлендерс,4,1,Детройт,1
2023-03-04 21:00:00,Бостон,4,2,Рейнджерс,1
2023-03-04 23:30:00,Даллас,7,3,Колорадо,1
2023-03-05 02:00:00,Флорида,4,1,Питтсбург,1
2023-03-05 02:00:00,Сан-Хосе,3,8,Вашингтон,3
2023-03-05 03:00:00,Виннипег,7,5,Эдмонтон,1
2023-03-05 03:00:00,Оттава,5,2,Коламбус,1
2023-03-05 03:00:00,Ванкувер,4,1,Торонто,1
2023-03-05 04:00:00,Чикаго,1,3,Нэшвилл,3
2023-03-05 06:00:00,Калгари,0,3,Миннесота,3
2023-03-05 06:30:00,Лос-Анджелес,4,2,Сент-Луис,1
2023-03-05 23:00:00,Каролина,6,0,Тампа-Бэй,1
2023-03-06 02:00:00,Вегас,4,3,Монреаль,1
2023-03-06 02:00:00,Филадельфия,3,1,Детройт,1
2023-03-06 03:00:00,Аризона,4,5,Нью-Джерси,1
2023-03-06 05:00:00,Колорадо,2,3,Сиэтл,1
2023-03-07 03:30:00,Виннипег,2,3,Сан-Хосе,1
2023-03-07 03:30:00,Баффало,2,3,Эдмонтон,3
2023-03-07 04:30:00,Даллас,4,5,Калгари,3
2023-03-07 05:00:00,Чикаго,5,0,Оттава,1
2023-03-07 06:30:00,Лос-Анджелес,4,2,Вашингтон,1
2023-03-07 06:30:00,Ванкувер,4,3,Нэшвилл,1
2023-03-08 03:00:00,Нью-Джерси,3,4,Торонто,3
2023-03-08 03:00:00,Флорида,2,1,Вегас,1
2023-03-08 03:00:00,Питтсбург,5,4,Коламбус,1
2023-03-08 03:00:00,Тампа-Бэй,5,2,Филадельфия,1
2023-03-08 03:00:00,Монреаль,3,4,Каролина,3
2023-03-08 03:30:00,Айлендерс,3,2,Баффало,1
2023-03-08 04:00:00,Миннесота,0,1,Калгари,3
2023-03-08 05:00:00,Аризона,6,2,Сент-Луис,1
2023-03-08 05:00:00,Колорадо,6,0,Сан-Хосе,1
2023-03-08 06:00:00,Сиэтл,5,2,Анахайм,1
2023-03-09 03:30:00,Виннипег,2,4,Миннесота,3
2023-03-09 03:30:00,Детройт,4,3,Чикаго,1
2023-03-09 06:00:00,Ванкувер,3,2,Анахайм,1
2023-03-10 03:00:00,Монреаль,3,4,Рейнджерс,3
2023-03-10 03:00:00,Тампа-Бэй,3,4,Вегас,1
2023-03-10 03:00:00,Вашингтон,2,3,Нью-Джерси,3
2023-03-10 03:05:00,Баффало,4,10,Даллас,1
2023-03-10 03:05:00,Питтсбург,3,4,Айлендерс,1
2023-03-10 03:05:00,Каролина,1,0,Филадельфия,1
2023-03-10 03:30:00,Бостон,2,3,Эдмонтон,3
2023-03-10 04:00:00,Сент-Луис,4,2,Сан-Хосе,1
2023-03-10 05:00:00,Колорадо,2,5,Лос-Анджелес,3
2023-03-10 05:00:00,Аризона,4,1,Нэшвилл,1
2023-03-10 06:00:00,Сиэтл,4,5,Оттава,3
2023-03-11 03:00:00,Флорида,4,3,Чикаго,1
2023-03-11 05:00:00,Калгари,1,3,Анахайм,3
2023-03-11 21:00:00,Бостон,3,2,Детройт,1
2023-03-11 23:30:00,Питтсбург,5,1,Филадельфия,1
2023-03-12 01:00:00,Баффало,1,2,Рейнджерс,1
2023-03-12 02:00:00,Колорадо,3,2,Аризона,1
2023-03-12 03:00:00,Коламбус,2,5,Сент-Луис,3
2023-03-12 03:00:00,Флорида,4,5,Виннипег,1
2023-03-12 03:00:00,Тампа-Бэй,3,1,Чикаго,1
2023-03-12 03:00:00,Каролина,0,4,Вегас,3
2023-03-12 03:00:00,Торонто,7,4,Эдмонтон,1
2023-03-12 03:00:00,Монреаль,1,3,Нью-Джерси,3
2023-03-12 03:30:00,Айлендерс,1,5,Вашингтон,3
2023-03-12 06:00:00,Ванкувер,5,2,Оттава,1
2023-03-12 06:00:00,Сиэтл,3,4,Даллас,1
2023-03-12 06:30:00,Лос-Анджелес,1,2,Нэшвилл,3
2023-03-12 06:30:00,Сан-Хосе,2,5,Миннесота,3
2023-03-12 20:30:00,Детройт,5,3,Бостон,1
2023-03-12 23:00:00,Питтсбург,3,2,Рейнджерс,1
2023-03-13 02:00:00,Нью-Джерси,3,0,Каролина,1
2023-03-13 02:00:00,Тампа-Бэй,2,3,Виннипег,3
2023-03-13 02:00:00,Сент-Луис,3,5,Вегас,3
2023-03-13 04:00:00,Калгари,5,1,Оттава,1
2023-03-13 04:30:00,Анахайм,4,5,Нэшвилл,1
2023-03-13 04:30:00,Аризона,5,4,Миннесота,1
2023-03-14 02:30:00,Торонто,3,4,Баффало,3
2023-03-14 02:30:00,Монреаль,4,8,Колорадо,3
2023-03-14 05:00:00,Сиэтл,2,5,Даллас,3
2023-03-15 02:00:00,Рейнджерс,5,3,Вашингтон,1
2023-03-15 02:00:00,Питтсбург,4,6,Монреаль,3
2023-03-15 02:00:00,Филадельфия,3,5,Вегас,3
2023-03-15 02:00:00,Нью-Джерси,1,4,Тампа-Бэй,3
2023-03-15 02:00:00,Каролина,5,3,Виннипег,1
2023-03-15 03:00:00,Нэшвилл,2,1,Детройт,1
2023-03-15 03:30:00,Чикаго,6,3,Бостон,1
2023-03-15 04:00:00,Эдмонтон,6,3,Оттава,1
2023-03-15 05:00:00,Аризона,4,3,Калгари,1
2023-03-15 05:00:00,Ванкувер,5,2,Даллас,1
2023-03-15 05:30:00,Сан-Хосе,5,6,Коламбус,1
2023-03-15 05:30:00,Лос-Анджелес,5,2,Айлендерс,1
2023-03-16 02:00:00,Вашингтон,5,4,Баффало,1
2023-03-16 02:00:00,Торонто,1,2,Колорадо,3
2023-03-16 04:30:00,Сент-Луис,5,8,Миннесота,3
2023-03-16 05:00:00,Анахайм,3,6,Айлендерс,3
2023-03-17 02:00:00,Рейнджерс,4,2,Питтсбург,1
2023-03-17 02:00:00,Флорида,9,5,Монреаль,1
2023-03-17 02:00:00,Нью-Джерси,3,4,Тампа-Бэй,3
2023-03-17 02:00:00,Оттава,4,5,Колорадо,3
2023-03-17 03:00:00,Виннипег,0,3,Бостон,3
2023-03-17 03:00:00,Нэшвилл,1,2,Чикаго,3
2023-03-17 04:00:00,Эдмонтон,4,1,Даллас,1
2023-03-17 05:00:00,Вегас,2,7,Калгари,3
2023-03-17 05:00:00,Аризона,3,2,Ванкувер,1
2023-03-17 05:30:00,Лос-Анджелес,4,1,Коламбус,1
2023-03-17 05:30:00,Сан-Хосе,1,2,Сиэтл,1
2023-03-18 02:00:00,Торонто,5,2,Каролина,1
2023-03-18 02:00:00,Филадельфия,5,2,Баффало,1
2023-03-18 02:00:00,Вашингтон,2,5,Сент-Луис,3
2023-03-18 05:00:00,Анахайм,7,4,Коламбус,1
2023-03-18 20:00:00,Детройт,1,5,Колорадо,3
2023-03-18 21:00:00,Нэшвилл,2,3,Виннипег,1
2023-03-18 21:00:00,Миннесота,2,5,Бостон,3
2023-03-18 23:00:00,Сиэтл,4,6,Эдмонтон,3
2023-03-19 00:00:00,Филадельфия,4,5,Каролина,1
2023-03-19 01:00:00,Флорида,4,2,Нью-Джерси,1
2023-03-19 02:00:00,Оттава,4,5,Торонто,3
2023-03-19 02:00:00,Тампа-Бэй,5,3,Монреаль,1
2023-03-19 03:00:00,Рейнджерс,6,0,Питтсбург,1
2023-03-19 05:00:00,Лос-Анджелес,2,3,Ванкувер,3
2023-03-19 05:00:00,Калгари,5,6,Даллас,1
2023-03-19 05:30:00,Сан-Хосе,1,4,Айлендерс,3
2023-03-19 05:30:00,Аризона,4,2,Чикаго,1
2023-03-19 20:00:00,Баффало,0,7,Бостон,3
2023-03-19 21:00:00,Миннесота,5,3,Вашингтон,1
2023-03-19 23:00:00,Вегас,7,2,Коламбус,1
2023-03-20 02:00:00,Сент-Луис,3,0,Виннипег,1
2023-03-20 02:00:00,Тампа-Бэй,2,5,Нью-Джерси,3
2023-03-20 02:00:00,Рейнджерс,7,0,Нэшвилл,1
2023-03-20 03:00:00,Анахайм,1,2,Ванкувер,3
2023-03-21 02:00:00,Детройт,2,5,Флорида,3
2023-03-21 02:00:00,Питтсбург,1,2,Оттава,3
2023-03-21 04:00:00,Колорадо,5,0,Чикаго,1
2023-03-21 04:30:00,Эдмонтон,5,4,Сан-Хосе,1
2023-03-21 05:30:00,Лос-Анджелес,8,2,Калгари,1
2023-03-22 02:00:00,Бостон,2,1,Оттава,1
2023-03-22 02:00:00,Рейнджерс,2,3,Каролина,3
2023-03-22 02:00:00,Баффало,3,7,Нэшвилл,3
2023-03-22 02:00:00,Вашингтон,6,7,Коламбус,1
2023-03-22 02:00:00,Филадельфия,6,3,Флорида,1
2023-03-22 02:00:00,Нью-Джерси,1,2,Миннесота,1
2023-03-22 02:00:00,Монреаль,3,2,Тампа-Бэй,1
2023-03-22 02:30:00,Айлендерс,7,2,Торонто,1
2023-03-22 03:00:00,Виннипег,2,1,Аризона,1
2023-03-22 03:00:00,Сент-Луис,2,3,Детройт,3
2023-03-22 03:30:00,Даллас,4,5,Сиэтл,1
2023-03-22 05:00:00,Анахайм,1,5,Калгари,3
2023-03-22 05:00:00,Ванкувер,3,4,Вегас,3
2023-03-23 03:00:00,Колорадо,2,5,Питтсбург,3
2023-03-23 05:30:00,Эдмонтон,4,3,Аризона,1
2023-03-24 01:30:00,Филадельфия,5,4,Миннесота,1
2023-03-24 02:00:00,Вашингтон,6,1,Чикаго,1
2023-03-24 02:00:00,Флорида,2,6,Торонто,3
2023-03-24 02:00:00,Каролина,1,2,Рейнджерс,3
2023-03-24 02:00:00,Оттава,7,2,Тампа-Бэй,1
2023-03-24 02:00:00,Детройт,3,4,Сент-Луис,3
2023-03-24 02:00:00,Бостон,4,2,Монреаль,1
2023-03-24 03:00:00,Нэшвилл,2,1,Сиэтл,1
2023-03-24 04:00:00,Даллас,3,2,Питтсбург,1
2023-03-24 04:00:00,Калгари,2,3,Вегас,3
2023-03-24 05:00:00,Ванкувер,7,2,Сан-Хосе,1
2023-03-24 05:00:00,Анахайм,2,3,Виннипег,3
2023-03-25 02:00:00,Коламбус,5,4,Айлендерс,1
2023-03-25 02:00:00,Баффало,5,4,Нью-Джерси,1
2023-03-25 04:00:00,Колорадо,3,1,Аризона,1
2023-03-25 20:00:00,Бостон,2,1,Тампа-Бэй,1
2023-03-25 20:00:00,Филадельфия,3,0,Детройт,1
2023-03-25 21:05:00,Нэшвилл,2,7,Сиэтл,3
2023-03-25 23:00:00,Калгари,5,3,Сан-Хосе,1
2023-03-25 23:00:00,Лос-Анджелес,4,1,Виннипег,1
2023-03-26 00:00:00,Флорида,3,4,Рейнджерс,3
2023-03-26 00:05:00,Айлендерс,0,2,Баффало,3
2023-03-26 00:05:00,Миннесота,3,1,Чикаго,1
2023-03-26 02:00:00,Монреаль,8,2,Коламбус,1
2023-03-26 02:00:00,Даллас,1,3,Ванкувер,3
2023-03-26 02:00:00,Каролина,5,3,Торонто,1
2023-03-26 02:00:00,Нью-Джерси,5,3,Оттава,1
2023-03-26 03:00:00,Питтсбург,4,3,Вашингтон,1
2023-03-26 05:00:00,Эдмонтон,3,4,Вегас,1
2023-03-26 05:30:00,Анахайм,3,6,Сент-Луис,3
2023-03-26 22:00:00,Аризона,3,4,Колорадо,3
2023-03-27 00:00:00,Каролина,3,4,Бостон,3
2023-03-27 01:00:00,Нэшвилл,2,3,Торонто,3
2023-03-27 01:00:00,Чикаго,2,4,Ванкувер,3
2023-03-27 05:30:00,Лос-Анджелес,7,6,Сент-Луис,1
2023-03-28 02:00:00,Баффало,3,4,Монреаль,3
2023-03-28 02:00:00,Оттава,5,2,Флорида,1
2023-03-28 02:30:00,Айлендерс,5,1,Нью-Джерси,1
2023-03-28 03:00:00,Миннесота,5,1,Сиэтл,1
2023-03-28 05:00:00,Аризона,4,5,Эдмонтон,3
2023-03-28 05:00:00,Анахайм,1,5,Колорадо,3
2023-03-29 02:00:00,Детройт,7,4,Питтсбург,1
2023-03-29 02:00:00,Каролина,0,4,Тампа-Бэй,3
2023-03-29 02:00:00,Филадельфия,3,2,Монреаль,1
2023-03-29 02:00:00,Бостон,1,2,Нэшвилл,3
2023-03-29 02:00:00,Рейнджерс,6,2,Коламбус,1
2023-03-29 03:00:00,Сент-Луис,6,5,Ванкувер,1
2023-03-29 03:30:00,Чикаго,1,4,Даллас,3
2023-03-29 04:00:00,Калгари,2,1,Лос-Анджелес,1
2023-03-29 05:00:00,Вегас,4,7,Эдмонтон,3
2023-03-29 05:30:00,Сан-Хосе,3,0,Виннипег,1
2023-03-30 02:30:00,Вашингтон,1,2,Айлендерс,3
2023-03-30 02:30:00,Торонто,2,3,Флорида,1
2023-03-30 05:00:00,Колорадо,2,4,Миннесота,3
2023-03-31 02:00:00,Монреаль,2,5,Флорида,3
2023-03-31 02:00:00,Тампа-Бэй,5,1,Вашингтон,1
2023-03-31 02:00:00,Нью-Джерси,2,1,Рейнджерс,1
2023-03-31 02:00:00,Питтсбург,2,0,Нэшвилл,1
2023-03-31 02:00:00,Оттава,5,4,Филадельфия,1
2023-03-31 02:00:00,Бостон,2,1,Коламбус,1
2023-03-31 02:30:00,Детройт,3,2,Каролина,1
2023-03-31 03:30:00,Чикаго,3,5,Сент-Луис,3
2023-03-31 04:00:00,Эдмонтон,2,0,Лос-Анджелес,1
2023-03-31 05:00:00,Сиэтл,4,1,Анахайм,1
2023-03-31 05:30:00,Сан-Хосе,4,3,Вегас,1
2023-04-01 02:00:00,Баффало,3,2,Рейнджерс,1
2023-04-01 03:00:00,Виннипег,6,2,Детройт,1
2023-04-01 05:00:00,Ванкувер,4,5,Калгари,1
2023-04-01 05:30:00,Аризона,2,5,Даллас,3
2023-04-01 20:00:00,Нэшвилл,6,1,Сент-Луис,1
2023-04-01 22:00:00,Питтсбург,3,4,Бостон,3
2023-04-02 02:00:00,Монреаль,0,3,Каролина,3
2023-04-02 02:00:00,Коламбус,0,7,Флорида,3
2023-04-02 02:00:00,Тампа-Бэй,5,0,Айлендерс,1
2023-04-02 02:00:00,Филадельфия,3,6,Баффало,3
2023-04-02 02:00:00,Оттава,0,3,Торонто,3
2023-04-02 03:00:00,Чикаго,3,6,Нью-Джерси,3
2023-04-02 04:00:00,Колорадо,5,2,Даллас,1
2023-04-02 05:00:00,Аризона,2,7,Сан-Хосе,3
2023-04-02 05:00:00,Вегас,4,1,Миннесота,1
2023-04-02 05:00:00,Сиэтл,1,3,Лос-Анджелес,3
2023-04-02 05:00:00,Эдмонтон,6,0,Анахайм,1
2023-04-02 20:00:00,Вашингтон,2,5,Рейнджерс,3
2023-04-02 22:30:00,Сент-Луис,3,4,Бостон,3
2023-04-03 01:00:00,Коламбус,4,3,Оттава,1
2023-04-03 01:00:00,Питтсбург,4,2,Филадельфия,1
2023-04-03 01:00:00,Каролина,2,1,Айлендерс,1
2023-04-03 02:00:00,Виннипег,6,1,Нью-Джерси,1
2023-04-03 02:00:00,Торонто,2,5,Детройт,3
2023-04-03 03:00:00,Калгари,5,4,Анахайм,1
2023-04-03 03:00:00,Ванкувер,1,4,Лос-Анджелес,3
2023-04-04 03:00:00,Миннесота,3,4,Вегас,3
2023-04-04 03:30:00,Даллас,5,1,Нэшвилл,1
2023-04-04 05:00:00,Сиэтл,8,1,Аризона,1
2023-04-05 02:00:00,Нью-Джерси,5,1,Питтсбург,1
2023-04-05 02:00:00,Каролина,3,2,Оттава,1
2023-04-05 02:00:00,Монреаль,0,5,Детройт,3
2023-04-05 02:00:00,Торонто,4,2,Коламбус,1
2023-04-05 02:00:00,Флорида,2,1,Баффало,1
2023-04-05 03:00:00,Нэшвилл,3,2,Вегас,1
2023-04-05 03:00:00,Сент-Луис,4,2,Филадельфия,1
2023-04-05 04:00:00,Калгари,3,4,Чикаго,3
2023-04-05 05:00:00,Ванкувер,2,5,Сиэтл,3
2023-04-05 05:30:00,Сан-Хосе,3,4,Колорадо,1
2023-04-05 05:30:00,Лос-Анджелес,1,3,Эдмонтон,3
2023-04-06 02:30:00,Рейнджерс,6,3,Тампа-Бэй,1
2023-04-06 02:30:00,Виннипег,1,3,Калгари,3
2023-04-06 05:00:00,Анахайм,1,3,Эдмонтон,3
2023-04-07 02:00:00,Питтсбург,4,1,Миннесота,1
2023-04-07 02:00:00,Детройт,6,7,Баффало,3
2023-04-07 02:00:00,Бостон,2,1,Торонто,1
2023-04-07 02:00:00,Нью-Джерси,8,1,Коламбус,1
2023-04-07 02:00:00,Монреаль,6,2,Вашингтон,1
2023-04-07 02:00:00,Флорида,7,2,Оттава,1
2023-04-07 02:30:00,Айлендерс,6,1,Тампа-Бэй,1
2023-04-07 03:00:00,Сент-Луис,3,2,Рейнджерс,1
2023-04-07 03:00:00,Нэшвилл,3,0,Каролина,1
2023-04-07 03:30:00,Даллас,4,1,Филадельфия,1
2023-04-07 05:00:00,Вегас,5,2,Лос-Анджелес,1
2023-04-07 05:00:00,Ванкувер,3,0,Чикаго,1
2023-04-07 05:30:00,Сан-Хосе,2,6,Колорадо,3
2023-04-07 05:30:00,Сиэтл,4,2,Аризона,1
2023-04-08 19:30:00,Баффало,4,3,Каролина,1
2023-04-08 20:00:00,Детройт,1,5,Питтсбург,3
2023-04-08 22:30:00,Даллас,2,1,Вегас,1
2023-04-08 23:00:00,Сан-Хосе,1,6,Эдмонтон,3
2023-04-09 00:30:00,Аризона,5,4,Анахайм,1
2023-04-09 02:00:00,Торонто,7,1,Монреаль,1
2023-04-09 02:00:00,Вашингтон,2,4,Флорида,3
2023-04-09 02:00:00,Оттава,7,4,Тампа-Бэй,1
2023-04-09 02:00:00,Виннипег,2,0,Нэшвилл,1
2023-04-09 02:00:00,Коламбус,0,4,Рейнджерс,3
2023-04-09 02:30:00,Айлендерс,4,0,Филадельфия,1
2023-04-09 03:00:00,Миннесота,5,3,Сент-Луис,1
2023-04-09 03:00:00,Бостон,2,1,Нью-Джерси,1
2023-04-09 05:00:00,Сиэтл,7,3,Чикаго,1
2023-04-09 05:00:00,Ванкувер,3,2,Калгари,1
2023-04-09 05:30:00,Лос-Анджелес,3,4,Колорадо,3
2023-04-10 01:00:00,Филадельфия,3,5,Бостон,3
2023-04-10 03:30:00,Анахайм,4,5,Колорадо,1
2023-04-11 02:00:00,Оттава,3,2,Каролина,1
2023-04-11 02:00:00,Детройт,1,6,Даллас,3
2023-04-11 02:00:00,Рейнджерс,2,3,Баффало,3
2023-04-11 02:00:00,Флорида,1,2,Торонто,1
2023-04-11 02:00:00,Вашингтон,5,2,Айлендерс,1
2023-04-11 02:00:00,Виннипег,6,2,Сан-Хосе,1
2023-04-11 04:00:00,Чикаго,2,4,Миннесота,3
2023-04-11 04:30:00,Калгари,2,3,Нэшвилл,3
2023-04-11 05:00:00,Аризона,1,4,Сиэтл,3
2023-04-11 05:30:00,Лос-Анджелес,3,0,Ванкувер,1
2023-04-12 02:00:00,Филадельфия,4,3,Коламбус,1
2023-04-12 02:00:00,Каролина,4,1,Детройт,1
2023-04-12 02:00:00,Тампа-Бэй,3,4,Торонто,3
2023-04-12 02:00:00,Нью-Джерси,6,2,Баффало,1
2023-04-12 02:00:00,Бостон,5,2,Вашингтон,1
2023-04-12 02:30:00,Питтсбург,2,5,Чикаго,3
2023-04-12 03:00:00,Миннесота,1,3,Виннипег,3
2023-04-12 04:30:00,Колорадо,1,2,Эдмонтон,1
2023-04-12 05:00:00,Анахайм,2,3,Ванкувер,3
2023-04-12 05:00:00,Вегас,4,1,Сиэтл,1
2023-04-13 02:00:00,Айлендерс,4,2,Монреаль,1
2023-04-13 02:30:00,Сент-Луис,2,5,Даллас,3
2023-04-13 05:00:00,Калгари,3,1,Сан-Хосе,1
2023-04-14 02:00:00,Монреаль,4,5,Бостон,3
2023-04-14 02:00:00,Рейнджерс,2,3,Торонто,3
2023-04-14 02:00:00,Вашингтон,4,5,Нью-Джерси,1
2023-04-14 02:00:00,Тампа-Бэй,5,0,Детройт,1
2023-04-14 02:00:00,Баффало,4,3,Оттава,1
